14-139GlRpn8,16-133ScRpn8
7.91748,8.28446994
7.06755,7.90625686
8.59956,6.86943874
8.77758,7.49083172
9.15467,7.93823661
9.30216,7.45049997
9.17784,7.57273933
9.95496,7.54471673
9.2699,7.20186533
9.30862,7.63578204
8.9157,6.76517858
9.21015,7.92695186
9.69507,7.36691415
9.2963,7.75260775
9.6088,7.89958959
9.41555,7.43064741
9.46936,7.76258117
9.28926,6.1109272
9.37031,7.39536216
9.38236,7.68297259
9.66206,7.91865762
9.38592,7.81901668
10.1614,8.6411464
10.0991,8.59087556
10.1135,7.14209288
9.64237,7.99648641
10.4762,8.19802432
10.4758,7.97794616
10.1935,7.75243649
10.6278,8.11271687
9.72528,8.15088937
10.308,7.31930176
9.5394,8.10935555
9.91625,7.76190881
10.2889,8.0454623
10.9618,8.15495353
11.2505,7.63771554
10.7017,7.99303518
9.63536,8.07617611
10.3919,7.93259286
10.041,7.2929774
11.1495,8.03859037
9.93016,8.18577675
9.40753,7.72189374
9.97917,7.65499819
9.67118,7.63115446
10.2532,7.53092853
9.83762,7.44352343
9.90872,7.86425839
9.87233,7.39583488
10.4031,7.44422127
10.7877,8.38459228
10.5226,8.50101999
10.7786,7.72650986
11.3875,9.1881419
10.0652,8.19978476
9.75231,8.26342558
10.3987,8.53710786
10.1005,8.22323467
10.4648,7.69112783
10.8878,7.54031979
10.2301,7.73419262
10.5933,8.48501297
9.30309,7.77084663
10.1581,6.62953376
10.0208,6.69004671
11.1464,6.79153809
9.97922,7.04903944
10.5744,7.34181623
9.95312,7.04583012
10.1206,6.97975122
9.40486,6.21117867
9.99557,6.79931753
9.74581,7.33620076
10.2665,7.91132137
9.86954,7.31582983
10.8905,7.78850541
9.5455,7.8630571
10.2315,6.12554081
10.351,7.09810632
10.9075,7.28747176
10.2105,6.4657807
10.2662,6.87250318
9.08091,6.12815703
10.117,7.07080242
9.41775,8.23409793
9.36485,8.10391043
10.6798,8.42652938
9.98899,7.78770796
10.3566,7.74468939
9.47049,7.10581002
9.37956,7.40976355
9.50528,6.35554672
9.508,6.13722999
9.77502,6.55019074
9.61481,6.51222913
9.00364,6.11914361
8.52683,6.69142893
9.01456,6.24596191
9.30042,8.02749796
10.3204,6.70545507
9.87348,5.69868
9.72455,6.09596385
10.1603,6.23476495
9.43029,7.79802393
9.41962,6.71155365
9.88777,7.36803235
10.3669,6.73241511
9.71992,6.40460798
9.62096,5.46752083
10.0713,5.13642573
9.98394,6.45727079
9.01149,6.23209443
9.91004,6.00588489
9.52058,7.1351514
10.3122,6.35302165
8.55451,8.12017887
9.74628,7.51912426
10.2611,7.81004519
10.2265,7.58064125
10.2107,7.70901973
9.85789,7.80758905
10.6441,7.34034761
9.68535,7.48648242
9.78364,6.97911663
9.8422,7.41532837
9.61774,7.82752184
9.01768,6.52105979
9.18022,7.79203687
9.33489,7.74521021
9.44277,7.43616776
9.25229,7.63869932
9.51044,7.60669254
9.91927,7.22396476
9.08738,7.62197322
9.02584,7.50364201
9.6135,6.35103746
9.09534,7.16552005
9.75806,6.10317938
9.8048,7.03426247
9.29142,7.12635527
10.3827,5.80161918
9.90138,6.56404817
9.97908,7.98509546
9.9368,7.92525012
10.215,8.42338776
9.18416,8.41372382
9.78158,7.65847381
8.85886,7.74869193
9.13246,6.72133543
9.89938,6.92472261
9.89795,8.31174998
9.70482,7.34296468
10.423,7.76889403
9.94476,7.69822089
10.1266,7.47772062
10.0617,7.68277021
9.63318,7.51778524
8.5552,7.38869257
9.23194,7.03548918
10.6505,6.92542764
10.0735,6.96733701
9.6476,7.1817713
10.0521,7.89691686
9.92683,7.29922618
9.39889,7.26732446
10.2411,7.11042784
8.7963,7.93203496
10.6592,7.08717713
8.81548,7.93711242
10.9291,7.73792218
10.5098,7.26569726
8.56504,7.05700607
9.64133,7.12657193
9.39124,8.29415538
9.47263,7.66834621
9.52343,7.71035027
9.30722,7.38540558
9.23858,7.22786979
9.49901,7.03711714
9.76242,6.96453438
10.2886,7.2427667
10.1197,7.27229308
9.33495,7.11002555
10.1743,7.14082302
10.7602,7.55847443
9.4285,7.43132944
9.84296,8.17150949
10.4053,7.81536659
10.7359,8.02704692
10.6274,7.49270368
10.0702,6.86043417
10.1664,7.72850872
9.7457,7.91488601
10.0795,7.54289845
10.4581,7.35637363
9.61123,7.29893712
9.00607,7.46277445
10.2408,9.03878949
9.53387,7.62053227
9.92264,7.74368543
9.54162,7.81343716
9.93683,8.08181687
10.4237,7.77118013
10.3933,8.29390167
9.41579,7.73158262
11.3566,8.09429945
10.1859,8.50490315
10.8779,7.77562253
9.87572,7.4732627
9.85547,8.47718525
9.31188,8.45260561
9.2562,8.27999612
8.15203,8.13763608
7.88891,8.24975929
9.05131,7.76490131
8.75105,7.91304846
8.90652,7.57640708
8.44489,7.66292012
9.10783,8.20712244
8.89945,8.33990252
9.74101,7.66069976
8.24046,6.45926347
10.2666,7.27313995
9.97641,7.75119324
10.3005,8.47902309
9.83641,7.54827357
9.19954,8.61278144
10.3519,7.50249358
10.0156,8.667778
8.91119,7.56275494
9.63409,8.50968944
9.44553,8.5305411
9.54323,7.52256535
9.49995,7.69698586
10.1826,7.48423029
10.0641,7.42073292
9.93034,7.42585975
9.4762,7.34749731
10.4718,8.00227205
8.82985,7.19358693
9.88849,6.23365968
8.92821,6.5643635
9.79864,7.49065423
9.33528,7.37450703
9.47717,6.64745536
9.67865,7.01049887
8.76475,6.43425107
8.86334,7.03844449
9.24288,7.80430369
8.89895,7.37140954
8.63028,7.2063305
8.72122,7.45039743
8.07478,7.41481352
8.76506,7.65871284
8.44907,6.81267637
9.12283,6.68747796
9.83087,8.39724834
9.46161,7.24804616
9.60517,5.85493697
9.70065,5.06017313
9.7696,6.95219594
10.2486,7.76772618
9.27669,6.60376379
10.1481,7.26142666
10.748,7.37499657
8.58092,6.03497757
9.18481,5.46603541
10.2367,6.20904073
10.0521,7.67073924
8.11851,6.46937266
8.60555,6.31102463
8.85574,6.24320485
10.446,6.77468074
10.0509,7.38656685
10.1873,6.35916924
9.56807,6.88061713
9.7751,7.53620581
8.7675,7.59232086
9.75401,8.89961244
9.38483,8.39986369
10.1327,6.41548725
8.76562,7.98294415
10.2281,7.54429543
10.1838,7.60215992
9.90962,7.0342683
9.81246,8.10296576
10.3583,8.27121012
10.3894,8.09348177
9.6861,6.98561907
9.451,7.09671678
9.66686,8.41509064
8.50429,7.03663907
9.14165,6.93376339
10.4065,7.17748747
9.45143,7.81819982
8.5594,8.07293898
8.97449,8.5485433
9.57668,6.9676629
10.1836,7.72759343
8.76225,8.50701162
10.3625,7.79578472
9.39635,8.14259422
9.69826,7.38125362
10.0275,7.69373794
10.2472,8.03128806
9.35173,7.54547743
9.62592,8.16065632
9.06789,6.93060976
9.3295,6.66086613
7.87494,7.20627126
9.1984,7.66123933
9.5797,7.8534641
9.69017,7.13223962
10.042,6.91312726
8.61672,7.11624796
8.34182,7.75963146
9.58138,7.81803694
8.12693,9.2608047
9.39624,8.12169077
8.80706,7.58411128
9.85036,8.27846993
9.83724,7.71568278
9.30079,7.99526608
9.62437,7.5053574
9.79129,7.89173998
9.15343,8.06648899
10.0068,7.80300624
10.531,7.46397402
10.7949,7.62023705
11.2976,7.6852735
9.95208,8.13948954
8.61671,7.23229599
8.83825,8.23765035
9.6813,7.84300828
8.3787,7.52916877
8.25247,7.83049322
8.56929,8.58924667
9.05668,7.96774083
10.8306,8.21580685
9.15145,7.92723027
11.14,8.85005919
10.326,8.60123321
10.1661,7.31440563
8.91524,7.9809027
10.2703,7.66977243
10.765,8.22355903
10.4109,8.31125312
10.1704,7.50817401
10.4656,7.26479061
9.40861,7.50878877
9.87463,7.573835
8.70514,6.75164616
8.56652,6.81278317
8.34213,7.57713426
9.52953,7.37248628
9.58683,8.07160748
8.57535,7.69289524
10.0042,7.63801001
8.85177,6.83733897
9.49313,7.34223511
10.924,7.29481344
10.1194,7.08867948
10.5594,7.16266847
10.1999,8.04641193
10.2631,7.47001498
9.81003,7.84678118
8.68071,7.98380224
9.15237,7.59986265
8.59887,7.22225445
10.1974,6.62717411
9.88676,6.3213633
10.0291,7.42158498
8.84151,7.05144005
10.104,7.16820754
8.58888,8.3352392
10.2396,8.31886479
10.963,7.51418194
10.2092,7.78252832
9.76201,7.44052868
9.77526,7.59448234
8.65218,7.61653484
9.82412,7.27550861
9.53272,7.39193205
9.89376,6.85616106
9.69308,7.59108708
9.23069,6.87317477
7.74738,7.13497113
8.90913,6.98315832
9.71166,7.22316333
9.10225,6.79665407
9.81874,7.6938127
7.81061,7.76339989
9.29657,7.4191869
8.72698,6.32029145
9.13978,7.74151504
8.16563,7.32239314
9.10529,7.83350574
9.16298,8.30398077
10.2476,7.71835024
8.79886,8.34592196
8.54558,7.78469483
9.31466,7.97844189
10.0586,7.84993231
10.0377,7.12343602
8.85523,7.36710758
9.66776,7.13122778
9.94745,6.94930471
8.40729,7.88551922
9.37732,7.13726715
9.21723,7.73810456
9.03031,8.01317715
9.14973,7.59326294
9.71924,8.61885911
9.72742,7.96008881
10.0443,7.58822422
9.79606,8.61060903
9.82909,7.75160459
9.94729,6.98420253
9.36835,8.29663909
9.49982,8.1176882
10.0385,8.0964749
10.4116,7.69438466
10.4728,7.83693562
10.3901,8.00863267
10.7812,8.48085062
9.51509,7.83559314
10.5789,8.11869394
10.8652,7.56970867
10.4032,8.16885606
10.8226,8.07020132
11.0967,7.73037912
10.5285,7.94885757
11.0116,8.23996979
10.9875,8.21897964
9.68093,7.7509964
9.36199,7.44440712
10.2099,7.97172192
10.734,7.7089798
9.75452,7.55473309
8.90549,7.62178041
10.4585,7.53254608
8.83205,7.91064978
9.67597,7.9003897
9.21165,8.02124229
9.12735,8.33688569
9.67054,8.15433654
9.09029,8.09488941
9.14271,8.36793261
9.85246,8.50038334
10.1081,8.01322109
10.4851,9.10565079
10.8162,7.99990054
10.6057,7.89881919
10.8037,9.06270091
10.4911,8.60634005
10.7374,7.78375234
10.6353,9.10593463
11.1884,8.80300649
10.9082,8.37234814
10.8045,7.76273481
10.5831,7.7149868
10.9367,8.25926651
11.404,9.40749555
10.6284,8.59722092
11.4841,8.25428962
9.75329,8.55877849
10.4822,8.36487834
10.1942,8.14557625
10.3827,7.4432647
10.3622,8.06450436
10.8283,8.02183153
10.7741,7.34669204
10.6362,7.84409577
11.6258,7.97633997
10.2994,8.02984222
9.479,8.41934586
10.3782,7.93604331
10.3382,8.02108649
10.5355,8.1454355
12.3337,8.02348995
11.1152,7.56898177
10.4891,8.64004426
11.4801,7.66073756
10.4956,7.77794379
10.5289,8.0661489
9.74078,7.69795839
9.96838,7.24327118
9.77169,8.41409324
10.3161,8.49107345
9.45807,8.41007844
8.69784,7.94433016
10.3184,7.382038
9.03464,6.86392671
9.87853,8.01631521
9.84065,8.05003877
9.46508,8.44050911
10.4476,8.1151762
9.79256,8.22291276
10.9838,8.0127954
10.7827,8.54311207
10.347,7.2100494
9.92323,7.48306798
10.6436,7.24763914
9.73022,7.79367235
10.288,8.51880174
9.84583,8.33308525
9.35332,7.53892337
10.2498,7.75801098
9.84245,7.03947808
9.58836,7.59060408
9.39184,8.09400727
9.38858,7.13999211
9.45184,7.4003574
10.9729,7.54763586
11.7718,7.62653901
10.9385,8.3313676
10.4966,7.6239958
10.4777,8.08726182
11.2199,7.80103519
9.83628,8.03104897
9.91613,8.02116445
9.76307,7.90924291
10.1461,6.85796322
9.04299,7.42982456
10.5975,7.19529309
9.68601,7.31446612
9.07118,7.42475578
10.2872,7.81560957
9.97146,7.92598952
10.4038,7.987551
10.0711,7.2903325
10.296,7.72765386
9.73661,7.82068919
10.2128,7.44686122
9.34787,7.53819096
9.28565,7.84937156
10.1874,7.81376303
9.71489,7.67760473
9.74071,8.38501294
10.8707,7.90447692
9.9082,7.95622043
10.0074,7.49905013
9.16079,7.8194678
10.0366,7.51909843
10.7525,7.97074828
10.4531,8.27016155
10.9503,7.73206939
9.7585,7.40720032
10.6677,7.82134599
9.75835,7.95054664
9.91149,7.3567168
8.25038,7.8548127
8.89178,7.9288128
10.5911,8.4617477
10.2682,7.78158416
10.5801,7.93752242
9.80454,8.14995894
9.75019,7.58491331
9.20756,7.94991388
9.95687,7.51223201
10.8696,7.83630356
8.78154,7.23161267
9.87527,8.21578202
10.52,8.29630257
9.7436,7.92912026
9.39116,8.25648916
9.4005,7.59037288
9.32343,8.91798173
8.51766,7.5898675
9.84847,6.87879895
9.81455,8.29359904
10.4871,7.51568183
9.54376,6.75570762
10.387,6.75569223
10.0178,6.57480351
9.77694,6.15194544
11.3408,7.50250113
10.2274,7.00591613
10.0909,7.29515434
10.2138,6.75650716
9.46543,6.83982534
9.53192,6.51938087
9.81763,7.02824729
8.97648,6.73693497
10.8096,7.83178837
10.2507,6.9033595
10.9744,6.80618462
9.36803,8.01186018
10.454,7.1983156
10.8542,6.6444474
10.5151,7.60326421
9.59147,7.65995779
8.62895,7.88320395
10.1482,7.05901903
10.1253,7.05465342
9.51944,7.05980922
9.91944,7.04961571
10.6301,7.93158935
10.0983,7.83328461
10.0303,5.77167419
10.6758,7.03535559
9.9881,6.93205699
10.5374,7.50319786
10.1902,7.77468243
10.3917,6.32302072
9.64644,6.48481464
10.1786,7.44856787
10.1556,6.9416735
10.7383,7.09174703
11.0078,7.26633375
10.6254,6.74220955
10.0076,7.39124661
10.2854,6.26324222
10.2009,7.328024
11.0903,7.33445512
10.9925,7.0708043
10.8281,7.04623121
11.3692,7.63938647
11.3269,6.76274126
11.0773,7.02922306
10.399,6.74721626
9.94387,7.13872121
10.8367,7.16792285
9.60236,7.49575728
10.2281,6.72188649
10.0613,7.33795067
9.81867,7.10275949
10.3943,6.44546219
10.5309,6.740682
10.3344,6.64847992
10.7302,7.0092989
11.2056,7.46573762
11.6881,6.94415368
10.9764,6.42477224
12.0548,6.52629209
12.0869,6.92165483
10.2921,6.91556709
11.4716,6.6365183
10.8577,7.32456457
10.5666,6.59902133
11.4795,6.47677217
11.3346,6.52294966
10.6515,6.76941131
11.3715,6.61309561
11.4113,7.34369616
11.1085,6.91573684
10.8958,7.00380486
11.4085,6.79697817
11.0899,6.76582082
11.458,6.69453977
11.0189,7.11572269
10.6449,7.54762473
10.573,6.73839383
10.3945,7.4410344
10.8533,7.06014035
10.9017,7.46500123
10.1958,6.24188823
10.5912,6.91384578
10.5755,6.55143541
10.7255,7.44753018
10.4101,7.43980517
11.0106,6.61659425
10.7836,7.14335556
10.2825,6.81287006
9.86665,6.5941908
9.11492,7.03259432
9.90942,6.95497244
9.15026,6.77863797
9.68634,7.38910568
9.53137,7.48470933
10.3264,6.9563499
10.6462,7.05827205
10.4224,6.94321967
9.76516,6.99553555
10.981,7.28931015
10.5289,7.40799344
10.8266,7.73344549
11.8722,7.67427927
11.6372,7.35118508
10.6094,7.1677214
10.5782,7.4785247
10.2732,7.56651771
10.0298,6.8008812
11.0082,7.40538631
10.7811,6.62419801
10.4552,6.69213987
10.761,7.56471505
10.1848,6.47048966
9.68914,8.28305507
9.90012,7.80422983
9.61536,6.55965952
10.6734,6.98676554
9.51772,6.34964563
9.75884,6.68626129
9.42826,6.5687273
9.73058,6.3118262
10.4506,7.07036648
10.451,6.5530021
10.4252,6.44770833
10.4508,7.13753153
9.79483,7.42787846
9.65014,6.36314841
10.4675,6.19394826
10.1035,6.73981256
10.8558,6.31813184
10.175,7.11123169
9.19769,7.06696499
9.56087,6.25198536
10.3232,6.77752074
10.7681,6.38724403
10.7068,7.31233328
9.77999,6.60398323
10.4557,7.58623144
9.51042,6.79296328
10.6928,6.26231943
10.1522,6.4359319
10.3803,6.10516295
9.55949,6.41460894
10.943,6.27584825
10.1027,6.26407265
9.7904,6.0281772
9.92162,6.88653634
10.8738,7.63807818
10.3239,6.72402758
11.2763,6.55476472
11.0886,7.02895713
11.0887,6.50601311
10.7262,6.1676763
10.4629,6.2134811
10.7332,8.42783556
9.60398,6.160075
10.2286,7.67853162
10.2975,6.96458045
11.2577,6.86120894
9.88732,7.00340146
11.0542,6.27163529
11.1027,6.84466564
11.2608,7.65313974
10.4231,5.91927286
10.8788,6.57490939
11.2815,6.46397887
11.1117,6.57139172
10.0339,6.43967219
10.173,6.72702704
10.4373,6.70898134
9.65926,5.8273493
9.06333,6.45375541
10.8031,7.17695931
10.715,6.64270288
10.8159,7.44981939
10.5658,7.42348543
10.209,7.10767612
10.4162,7.13280635
10.3009,7.02123397
10.4771,5.4163474
10.227,6.61697225
10.8106,6.0438423
10.7275,7.1519192
10.0758,6.09556504
10.3474,7.11418429
10.4127,6.79102677
8.77871,6.44380271
10.6984,6.86612487
9.84891,6.32501922
10.4372,6.67919343
10.3975,6.7467081
9.3548,7.37751209
10.2397,7.09770657
10.4387,7.34298325
10.4956,7.19358376
10.5089,7.39261706
11.1662,7.24824288
10.9034,7.00341146
11.2975,7.53929861
10.6756,7.04403039
10.8237,6.67934656
10.6542,7.30427481
10.9556,6.21659
10.8244,5.50609127
10.883,6.57356991
10.6601,7.241285
10.6822,7.68482318
10.8373,5.67140595
10.9346,6.81698153
11.0865,6.98704421
11.0907,6.76953139
10.2513,6.47495165
10.9544,7.26539574
9.96292,6.87750321
10.0431,6.70807027
11.4869,6.78429413
10.8533,6.9369713
10.4079,6.58537942
10.8898,7.21547074
10.886,6.68418212
11.0104,6.40875431
10.9222,5.80904337
9.16162,5.67048849
9.91703,7.46176832
8.99575,6.35549006
10.451,6.77171195
10.4788,8.39334613
10.4071,7.94642075
9.13691,7.03522978
9.59344,7.46776225
9.95999,6.1526484
10.5851,6.90267946
9.18012,6.73004717
8.54197,7.21580486
9.22527,6.86831833
8.51526,7.72329766
9.60431,7.40701731
9.7233,6.79904701
9.76083,7.30492714
9.51606,6.18835822
9.37271,6.92474253
9.12935,6.89431301
10.1017,6.99694219
10.3291,6.74664323
10.19,7.52823954
10.5804,7.45073763
10.7592,7.02993776
9.66852,6.67059112
10.1927,6.6445462
10.1082,6.95270263
9.941,6.52988139
10.445,6.50374803
11.3785,6.57586241
10.2107,6.88016072
11.6697,6.80870541
11.0815,6.89762621
10.3873,6.84861124
10.8984,7.37407551
11.1951,6.64449547
10.6944,6.43313662
10.8999,7.33545986
11.0921,7.49598437
11.3296,8.22436813
11.7661,7.63925686
10.4571,6.93449628
11.3071,6.57344136
11.3034,7.54473035
10.9598,6.89089885
9.97878,6.71474448
11.0172,6.85767868
10.3772,6.78106356
11.9129,8.64364102
10.2073,7.58720329
11.1455,7.96505545
11.2313,8.2634509
10.9026,7.6823243
10.6224,7.14419645
9.39685,7.22547419
11.3284,6.38741346
9.80411,6.42336752
10.6898,6.81649179
10.488,6.570043
10.4192,6.68903314
10.3693,6.6617839
10.9447,6.22659736
11.4844,6.17965218
11.7367,6.62019685
11.6469,6.66464471
12.2995,6.42991842
10.8928,5.93062229
11.3407,6.17707004
12.1223,6.32263989
11.9016,6.64878043
11.5532,6.44601109
11.996,7.55292585
11.0658,6.50636435
10.5103,7.12897485
10.3762,6.24138583
11.0837,7.05387563
10.9592,6.84871697
11.567,6.30515045
11.2206,6.63374618
11.2413,7.25605506
10.974,6.5749405
10.9137,6.9785108
11.622,6.55315522
11.4281,7.6118797
11.6468,7.49608129
11.9772,7.77425299
11.4057,7.70739967
11.3098,6.8428555
10.9403,7.50985606
11.5183,7.2205935
11.0723,7.12245627
11.4696,7.21011232
10.8245,7.3108747
9.93073,6.72911862
10.8357,7.37633386
11.915,7.54660657
12.0971,6.99945303
11.6716,7.48852917
10.6656,7.28893441
10.7934,7.70773618
10.4941,7.07286406
11.0481,7.26954667
11.3888,7.23822546
11.4116,7.09198103
11.1578,7.61565979
10.6107,7.2482838
10.9828,7.38063861
10.5383,7.07953774
9.89626,7.10302876
10.2281,7.02125632
11.2384,6.8401019
10.6043,6.68552453
11.3582,6.09055621
12.0413,7.62030509
11.5542,7.40164163
10.9283,7.59497103
10.5754,6.13267046
11.5281,6.39907712
11.0104,6.85135889
11.0017,6.69916405
11.2812,7.42377111
11.2448,7.57641068
11.2717,6.53519761
11.0408,7.78557867
11.2794,7.51433683
11.8205,7.52730553
10.8414,7.19834153
11.9115,7.20960353
10.8191,6.84916882
11.2124,6.73150604
11.0932,7.21120749
11.2886,6.7476215
11.4398,7.48383656
10.9077,7.0194472
11.4989,7.33199313
10.4371,7.06011467
10.7944,7.17761449
10.8586,6.72253497
11.7912,6.41671229
10.6651,6.52844861
10.0986,6.62971639
10.9236,6.90902006
11.2261,7.36749924
10.9825,7.29091573
11.1618,6.65184431
11.782,7.08126428
11.7397,7.53122046
11.2398,6.80006552
11.4509,6.10274972
10.634,6.94130839
11.8877,6.4503811
11.1257,6.63203917
10.1331,6.27656225
10.3297,6.97947165
10.9535,6.10417038
10.2701,6.00636796
10.4864,6.76757807
10.7078,6.29373335
10.7272,6.69329822
10.0078,6.99631796
10.1763,6.5874652
10.2317,7.07290239
11.283,6.4489835
11.0779,6.80821756
10.556,7.01291903
10.4593,6.91356511
10.2944,6.42833314
10.4396,7.38796314
11.6073,6.84264055
10.3849,7.53626817
10.6303,6.91540311
10.882,5.0485405
11.6364,7.43058277
11.9463,6.12665621
11.2764,7.17861195
11.1489,6.50528706
11.0616,6.47003618
10.3048,6.98774466
10.6796,6.80348867
10.5381,6.7251872
9.81189,6.85322295
10.2104,7.11354219
10.3966,6.74684723
11.1147,6.1608689
11.4342,7.42059718
11.2291,6.70636722
10.0014,6.25658881
10.7506,6.28847881
10.8806,7.36883986
10.4836,6.6206266
11.3569,5.97328022
9.67371,6.83796119
8.30185,7.65974555
8.7109,6.92606678
9.01414,6.96899485
10.0628,5.86538006
10.4766,5.92364325
11.3727,6.1555321
11.1071,5.63793689
10.4403,6.7023951
10.9321,6.34359677
10.3755,5.52987118
10.8717,5.85450502
11.9361,6.27565486
11.2024,6.19894828
11.674,6.46685279
11.3137,6.29312444
10.398,6.89013553
10.2005,6.56645967
10.9803,6.47295185
11.0998,5.25396871
10.9152,5.64827262
10.2675,6.24227864
9.55778,6.94334928
9.75553,6.30038832
11.2393,6.50438834
10.2928,7.11171094
11.6148,6.64758854
10.6499,7.66480007
10.6884,6.79258467
11.5087,7.32549628
10.9699,7.44990413
10.1478,7.06925875
11.324,6.07939999
9.82185,7.00206349
10.2409,6.4096006
10.6649,6.55910742
10.7989,6.00228118
11.2064,6.38007908
10.5745,7.18125709
10.278,7.12789766
9.9939,6.55012168
10.2206,6.78847351
11.2635,6.88311609
10.8709,7.60673396
10.3501,7.06502909
9.92106,7.09234204
10.9422,7.20316771
10.917,6.65350829
10.459,7.24876127
11.1468,7.03031173
11.5191,6.92795852
9.55891,6.96665062
10.3046,6.63703278
11.1987,6.10903963
11.521,6.39131931
10.1438,6.14982759
10.9377,6.69202691
11.6577,5.557764
11.9465,6.71288905
11.0182,6.94604395
11.9416,7.60614199
11.7708,5.77036939
10.7362,6.08061794
10.388,6.31526995
10.7038,6.97146122
11.4466,7.10383059
10.8997,6.78236183
10.4928,5.98865528
10.8325,6.40281661
12.1015,6.46163064
11.2625,6.31604309
12.1158,7.21512542
11.852,7.24568502
11.7352,7.92237571
10.7592,7.05409474
11.3009,6.50953489
11.2159,5.00664361
9.56146,6.57052236
11.187,6.64168296
9.99461,6.87449122
9.76059,6.47704588
10.7342,4.93534472
11.4506,5.45022104
10.5166,6.51852088
10.4355,5.46996951
9.75324,6.28226115
10.997,6.05844674
10.7441,6.19567628
11.3122,5.40318197
10.9133,5.94194226
10.8835,6.16900825
10.8138,7.31446389
10.7586,5.90237514
10.6629,5.80945354
9.99997,5.74433617
9.76123,5.25603422
10.3698,5.92360552
10.2174,6.09447924
11.1187,5.05565044
10.2473,5.04459529
9.13945,5.07529868
8.71572,5.71778584
9.93688,7.11097734
9.73714,6.95365225
9.89273,5.8911104
10.5261,5.207745
11.4575,6.82010438
10.2459,6.24899202
9.72922,4.96037355
11.7204,6.47077977
10.3147,5.82551484
11.6556,6.19401697
11.0247,6.93047578
10.773,6.34352535
10.0009,5.73700762
9.53759,6.85380669
9.81044,5.77382151
11.1883,5.88797547
10.1574,5.83276282
10.4337,6.41888565
10.6887,5.59703222
10.661,6.12741912
9.63718,5.93246951
11.322,5.4962656
10.2199,6.69103252
11.1088,5.9380393
11.6659,6.2194398
9.95543,5.98286792
11.1129,5.86351178
10.0525,6.38977993
11.2833,5.59239198
11.3135,5.91119853
11.6739,6.60449351
11.6865,6.22403655
10.8064,6.89507674
10.6384,6.84983453
10.8137,5.61221173
10.4369,5.99064252
10.8477,4.66829888
11.5881,5.08522558
11.44,5.78623246
10.9104,5.93770267
10.8981,6.09494445
10.5055,4.22383856
10.063,5.32022164
10.6725,4.48798604
10.0483,5.12266664
11.0411,4.44863412
11.3385,6.26620335
9.10167,5.72385506
9.7531,5.12349219
10.3783,6.40918889
10.9235,5.44181363
10.8168,5.49439923
10.4036,5.3188097
9.84665,5.94061518
9.85064,4.60382997
9.99663,5.24100454
10.0991,4.83575876
9.99983,5.10225682
9.84538,5.17410088
9.82603,5.92774823
11.1758,5.77070777
10.5441,5.06191079
10.2832,5.64281184
10.5247,5.14382848
10.1681,5.50215363
9.87825,4.98067942
10.3086,5.01209052
11.2,5.9513243
10.8201,5.69351166
11.1446,5.76334043
10.9386,4.25176981
11.3545,4.52946049
11.2168,5.19869863
11.1539,6.08447577
11.2865,6.59071519
10.6358,5.63273358
11.0917,6.21994218
10.3106,5.69704961
10.3463,6.15560306
10.3071,5.74494869
9.85708,5.95471076
10.533,6.23348367
10.4091,5.30453072
9.91123,6.10720045
10.4908,6.95160229
10.1757,6.79912516
10.903,6.09466939
9.69991,5.11484135
10.4301,7.71506196
10.5293,5.35385339
10.4601,6.10885809
10.6331,5.71344023
10.6296,6.03058118
10.7327,5.75212617
10.7721,5.17789365
10.3843,6.90042923
9.98988,5.27333038
10.2297,5.95352909
11.0566,5.21552646
11.2321,6.25865508
10.2535,5.65028222
9.51656,6.74349427
10.6773,6.2259401
10.8734,6.29248812
11.353,7.50934689
10.3238,5.20266759
9.61449,6.09534358
10.8735,6.44005694
9.39862,5.9502317
10.2916,5.89403988
10.0,7.95951131
11.3656,6.187355
9.97782,5.72594036
10.594,5.63116593
9.90599,6.75253586
10.2339,5.50652641
10.4268,5.5929678
11.4614,5.88217138
10.8503,5.67049709
9.58538,6.35535144
10.3207,6.66568984
10.2643,5.76832244
10.9927,5.97093273
11.3462,6.48181421
10.8002,6.81225838
11.0635,6.96905395
10.1859,6.71545294
10.2031,6.49143807
10.8923,5.14890909
11.2338,6.50819931
10.8465,5.72569054
10.8658,6.41980269
11.5135,5.5542271
10.821,6.68599832
10.2883,7.09511358
10.1315,6.71391137
10.7191,7.70786921
10.7225,6.81335723
10.6186,5.99411628
10.1701,6.74948653
10.8382,6.78657042
10.6184,7.428564
10.2995,6.50907423
10.6284,7.25913905
11.1767,7.29193068
10.5083,7.54038622
10.5135,7.4259017
10.6948,7.17025963
10.9747,6.6833683
10.899,7.09526809
11.1331,8.09980717
11.1198,7.94870916
10.2408,7.65027706
11.1809,7.71540756
11.2698,6.75901848
10.5087,6.41761838
10.196,6.2356331
10.0646,7.47717916
10.5344,6.88646401
9.41798,5.17884593
10.0479,6.24156942
10.646,6.09719291
11.4521,5.64472832
9.63189,6.1205526
11.6266,5.21341947
10.2056,6.81086697
11.649,6.82854041
10.5202,7.43722853
10.0328,7.45387551
10.3103,6.33552161
9.2952,4.95432673
9.90649,6.26567036
10.3685,5.96926336
9.8339,6.60982418
10.5112,5.56349441
9.90142,6.56864645
9.85239,6.54030171
9.67492,6.49817713
10.0049,6.29537891
9.88556,6.77622149
10.0347,6.49499982
10.6544,7.40703572
10.3764,5.96298063
10.5853,5.76011384
10.2386,6.36330151
10.5697,5.83573683
11.2977,5.98820268
10.3892,6.39047028
10.5713,5.75063468
11.5419,6.04425931
10.702,3.89533794
11.5108,4.70899209
10.9546,5.32904684
9.597,6.6755419
8.80477,7.28294574
9.69118,6.99116664
10.4483,6.713334
9.116,5.27372996
10.5116,4.72700374
10.3376,5.02360421
11.0613,7.67849912
10.6755,6.91046526
10.591,6.03996169
10.667,7.65379067
9.40539,7.03281799
9.71589,7.04403476
10.2048,5.96648469
10.3142,7.74135943
9.42817,6.46054358
10.4349,7.63991337
10.7957,6.48333547
10.2821,5.95813301
9.9355,6.92798271
10.4851,6.17021063
10.5855,7.00772194
9.86095,7.50305916
10.3208,7.70399634
10.9001,7.7735866
11.1565,6.42947917
9.90726,7.24919365
10.6201,6.36422484
9.69784,7.65897477
10.5294,6.57700094
9.93324,7.07141568
10.1568,6.09150546
9.52748,7.24378352
10.6961,7.19962212
9.78513,6.45407137
10.3357,6.21872696
9.93539,6.14389024
9.83659,6.57354114
10.3318,6.18961769
9.68131,7.18175058
10.2191,6.28717944
9.83677,5.07914149
9.94788,4.86347526
9.69726,5.45234962
10.9852,5.47361899
10.321,6.0876184
9.48801,6.20021056
9.83344,5.40352121
9.55241,6.42163779
10.5229,6.71476722
9.602,7.28716986
7.96726,7.22082531
9.28155,5.95631851
9.52553,6.4684498
10.1558,6.48940487
9.0774,7.08788633
9.00813,7.0349073
10.8616,7.43171427
11.2698,6.80530765
10.4618,7.6223227
10.045,7.24942125
11.191,6.35628167
10.2586,7.00730416
9.93653,6.06762918
11.3915,6.09470751
9.8599,6.54827588
10.0226,6.58907324
11.234,6.41898232
10.3591,6.35056508
10.7594,6.07181673
10.2805,6.76061616
9.90817,6.26512432
10.5005,5.60281895
10.8552,7.29230902
10.7001,7.02101534
9.91281,6.45721231
10.1039,4.98928383
10.1508,6.95709281
9.44631,5.16144456
10.8335,6.22449097
11.0033,5.67466409
10.6692,6.40324078
10.796,7.82263436
11.0087,6.507963
10.1087,6.09110812
9.47823,6.31388104
10.6366,6.52816394
9.55293,6.25489278
10.5353,6.78949641
10.8268,6.40975817
9.74154,6.13839056
10.146,6.58602564
10.0987,6.45532302
9.95409,7.44175122
10.551,6.66644511
11.2041,6.44354613
9.39769,7.26883543
10.3334,7.09701215
10.6325,6.58211648
10.1491,6.4647618
9.12902,7.59798836
10.5329,6.88082427
9.85243,6.41144471
9.91506,5.0567811
8.86895,5.8145792
11.3227,7.21664035
10.9111,7.77486664
11.0423,6.67776785
10.5885,7.72366229
10.4332,6.94708732
9.13282,7.02313887
9.70799,7.17874465
9.51883,7.04739365
9.86939,7.30369935
10.5523,6.79607453
10.8095,7.17295727
11.429,7.55389036
10.4907,6.71943444
10.3225,8.05312213
11.0309,6.98209528
10.7792,7.19033532
9.43471,6.8306849
9.63323,7.17962913
10.2804,7.59055097
9.969,7.07011126
10.9998,7.16067959
10.7675,7.57802906
10.8853,7.32068036
9.50161,6.9976365
10.0667,6.88234276
10.4984,7.50597414
10.8142,8.10338588
10.046,6.85544933
10.4958,6.490504
10.7649,6.90696255
11.053,6.8836776
10.7301,7.99168971
10.3891,7.19168499
10.3298,7.7913767
10.3118,8.01172716
10.0675,8.03774923
10.3075,7.90724189
10.3905,6.81547746
10.6539,7.58996641
10.8395,7.30574058
10.7074,6.71582329
10.8085,6.7473554
10.2089,7.81354346
11.751,7.69358417
10.2543,7.36210452
9.38348,7.3652084
10.1977,7.96077361
9.95929,5.72812091
10.3687,7.09236371
11.511,5.55258153
11.3842,7.12870801
10.452,7.07106257
11.8719,6.90733059
10.806,6.84587848
10.8234,7.67634079
11.1241,7.37020119
11.4509,6.2607747
11.4197,6.50454593
10.9036,7.19193037
11.36,6.89325796
11.4209,6.43370972
10.9284,7.55290914
11.2288,6.62788149
11.073,7.12452373
10.2188,7.5497847
10.5942,7.42871531
10.3891,6.76813759
10.6387,7.56433768
10.0344,7.86493292
10.8772,6.79046958
10.3861,6.79270773
9.8686,7.68761707
10.519,7.4804623
10.8324,7.34432264
10.2792,7.31384821
10.8821,7.05918106
10.6777,7.82679387
10.1931,7.22288212
10.9028,6.83598824
12.5994,7.09689125
10.6274,7.61124895
10.7332,7.27086857
11.1791,7.60716089
10.2871,6.91547718
10.7461,7.29527149
10.921,6.10257806
10.3753,6.82607208
10.0318,7.42217708
10.909,7.34438226
11.0876,7.55226005
10.3074,6.85149864
10.9551,7.65629176
10.9068,8.06593719
10.2965,7.06756
9.94383,6.77437232
10.2876,5.84153995
9.8446,6.70184442
10.4781,6.62187582
10.19,6.30524678
11.5565,5.26642143
9.86367,7.01793509
9.5772,6.49747048
9.57698,7.20516863
10.7802,7.97765948
9.87798,7.86252238
8.70929,7.60247932
9.15931,7.55212565
9.98586,7.43233689
10.2135,7.32459887
